-.9998614713593783,6471506699256961e-21,-.43089099031011857,-7.8906617940547505
-.9994876101971559,7035175279173787e-21,-.42999426922528916,-7.825813951397663
-.9984664987187626,8654196295916562e-21,-.42754674217680944,-7.650828315559153
-.99835033549794,884589039715927e-20,-.4272684607495012,-7.631117941789597
-.995563938076913,13926396080160466e-21,-.4206027162380346,-7.170131301084865
-.9880411745286435,3287034817817046e-20,-.40269626208718035,-6.033537382480205
-.985879528840029,3992987203535033e-20,-.3975751411648025,-5.734463149016847
-.9856783884959734,4062732623302798e-20,-.3970991732556909,-5.707230952548855
-.9849313873747023,4327990700912573e-20,-.39533232961869014,-5.606971351930071
-.9810041195145787,5892078213132635e-20,-.38606462805847896,-5.1020640285572085
-.98076781191987,5995712314348575e-20,-.3855081210054446,-5.07284553296239
-.9787596947816579,6922571518392935e-20,-.3807842034277361,-4.82971973087183
-.9783323200457117,7130758842007915e-20,-.3797800479746094,-4.779155611363166
-.9773308807995047,763408721573601e-19,-.37742873373399266,-4.662265966141916
-.9762417461457777,8206709785097343e-20,-.374874153939762,-4.537646246973878
-.9738755783911595,9544906222031085e-20,-.3693337468579063,-4.275713815260531
-.9696081164190422,.0001230673841478043,-.35937423169067684,-3.8326813511752675
-.9689415743454746,.00012781102556316142,-.357822447868987,-3.766775281331036
-.9676905325352056,.0001370440281590729,-.3549126628350532,-3.645404058463413
-.9671200308845205,.0001414001004992824,-.35358694281874514,-3.591052582187814
-.953248225367981,.0002790404270394245,-.32158399937320437,-2.4471843391994526
-.9532334522471937,.000279223098769392,-.3215501546926235,-2.446135129617687
-.9492987812189286,.00033096424931561367,-.3125539680985763,-2.17834081232499
-.9429692981734277,.00042802195486501854,-.2981575678498404,-1.7936925086674478
-.9411774767825916,.00045884222271782476,-.2940989294613494,-1.6944835475595852
-.9359675852754696,.0005575541662135779,-.2823403074502022,-1.4285768473864522
-.9339023496918304,.0006006402395103377,-.2776965162818983,-1.3320002576614485
-.9333217354742387,.0006131766781169343,-.27639275412390374,-1.3057124616060776
-.93069604585524,.0006722608137968587,-.27050655226804177,-1.1914237908252403
-.9266267532883372,.0007718911211535412,-.26141567837779733,-1.0285497453537005
-.9219140688335627,.000900312725127729,-.250935397266427,-.8601768673132995
-.9216696227236729,.0009073744995343861,-.2503931906200437,-.8520052457583631
-.9209144257107496,.0009294484177363767,-.24871896037220187,-.8270978087964949
-.9179486131247372,.001019974032009653,-.24215670076636386,-.7341070569443531
-.9148062199618245,.001122801283728966,-.2352259674820163,-.6436282557906026
-.9136920346600359,.0011610311076801485,-.23277405995563671,-.6134488520133772
-.9133357126041617,.001173457347282774,-.23199053458067187,-.604001374694974
-.9125863945566983,.0011999087096878221,-.23034380030712076,-.5844521876535822
-.9118004078626574,.0012281248214399162,-.22861787926950106,-.5644042067368105
-.9065255764679006,.0014303641286560278,-.21707209272495376,-.44147658745156093
-.9053083161276083,.0014803298175386673,-.21441685319444492,-.4158481660413571
-.8993396531242657,.0017442804391710764,-.20144694753022307,-.30387674718220126
-.899320902134723,.0017451609126215982,-.20140633167952526,-.3035591256355161
-.8875235820029301,.002367962586466481,-.17601405414799065,-.1412438740715487
-.8861157511770925,.0024519980685398664,-.173005407036686,-.1264262087523207
-.8850432728756219,.0025174897315247587,-.1707165165130723,-.11572335307651826
-.8850185711452812,.0025190133302866406,-.1706638293063133,-.11548269060740779
-.8821982846395025,.0026975306686733563,-.16465763361543406,-.08968631250824899
-.8726015820070963,.0033761725575318087,-.14435814578858974,-.02458905967861824
-.8697372751301415,.0036013387964845644,-.13834074749202174,-.011161003680008719
-.8690018040252019,.003660916629391529,-.13679872065028864,-.00811056836921864
-.8623042827190923,.004237849797596492,-.12281401810458548,.012839559427312963
-.8613870798721412,.004321829684014222,-.1209069509758659,.014820822062446837
-.8609600079993662,.004361353019371354,-.12001963934043425,.01567573138053291
-.8598186024405474,.004468306215652715,-.11765025652255279,.01775471350346436
-.8585204660277834,.004592307180930903,-.11495919296161228,.01976497582462855
-.8584339077478786,.004600665584585505,-.11477989470302818,.019885941555507713
-.8583574795798272,.004608055202388584,-.1146215945561867,.019991410923722697
-.8551728992039018,.004923903883128413,-.10803763296560598,.023306005708207067
-.854684386383477,.004973744430058437,-.10702973556227557,.023634817841141853
-.8527422939860128,.005175611300016131,-.10302828760649196,.02449622821809072
-.8516869227207535,.005287834930995913,-.10085748646431758,.02467642340693743
-.8502584772382094,.0054426033465807214,-.09792341611215005,.024612507202895983
-.847481965586059,.0057530509247453255,-.09223390131077358,.023532602356922894
-.8465579585347385,.005859230341987167,-.09034442452146685,.022909224166525632
-.846542075611108,.005861068133223325,-.09031196325732382,.022897405391589132
-.8438213604766449,.0061822633302815845,-.08476003418752842,.02034598467194826
-.840343251943191,.006611726712227713,-.07768753277430074,.01567015303925956
-.8401856829004044,.006631693647284564,-.07736779025747742,.015423692893797636
-.8395701571130418,.00671012220383522,-.07611930322081362,.01443374103117634
-.8375533131073962,.006971940757673545,-.07203463582352465,.01089802401403972
-.8339897598132808,.007453010695097492,-.06484048980165857,.0036478004627866767
-.8293399370373389,.008117277737831899,-.05549760919303037,-.007465314784191435
-.8281697295029562,.008291151084802112,-.05315420267596194,-.010514598292026278
-.8193085077338194,.00969894697078926,-.03551207713342963,-.036112696334466676
-.8189440430163768,.00976039938817659,-.034790346221969415,-.03724092208758378
-.817547695321611,.009998508899372732,-.032028078167727014,-.0416048534034168
-.8148759772940024,.010466047695744125,-.026755450849389573,-.05011439120584882
-.8134135919132193,.010728703429701994,-.023876441028611306,-.05484528661537169
-.8120483560456473,.010978279661506,-.021193162054530035,-.059298994618888656
-.8085312450003421,.011640993954086885,-.014300409246877366,-.07089085154292718
-.807330576516148,.011873850583497877,-.01195392864478162,-.07487293172437859
-.8066583390933444,.012005715296618319,-.010641625567084034,-.0771052941461079
-.8056122790982003,.012213053322497612,-.008601649792966959,-.08058112834990894
-.8001994098194365,.013328398662804272,.0019137679976477528,-.09851780922238618
-.7988923680583864,.013608594203197964,.004442744188147274,-.10281338133412632
-.7976764397905012,.013873128641773175,.006791872541666688,-.10678926079356899
-.7959337715826826,.014258832003083895,.010152670441835543,-.1124468415379809
-.7885054414093795,.015991926361827388,.024399554891981534,-.13582954177413598
-.7883870293160273,.016020745423457168,.024625623712034472,-.136190521402348
-.7841260039877489,.017083363357645855,.0327390289458106,-.14888366624807148
-.7840830753795711,.01709432461207048,.032820555149046915,-.1490084368688116
-.781974137308088,.017639183068023187,.036820406230267944,-.15505580881781
-.779126919391925,.018394800505523643,.04220414619988633,-.162951596169151
-.7757687793439032,.01931610310810202,.04852983816956358,-.17183787507481085
-.7757677230100009,.01931639810389988,.048531823863797285,-.171840594233597
-.7753451868549313,.01943466108016293,.04932589910104046,-.172924325034991
-.7740893466159184,.019789275212959558,.05168356707382715,-.17609844105448857
-.7736750078662562,.019907301328770107,.05246062967315346,-.17713007905691214
-.7720466036587468,.020376136154539384,.05551073165079934,-.18110811532521254
-.7710415171263705,.020669496260031443,.05739025487031846,-.18350159927015852
-.770334265014198,.020877761484497884,.058711421468283675,-.18515703700718333
-.7657608402840519,.022261573132929955,.06722672987993683,-.19527074041196357
-.7650793169073296,.02247334870537796,.06849151691299327,-.1966880098131938
-.764222073103527,.022741800774023997,.07008088199403606,-.19843684433283748
-.762279957020378,.02335859158105335,.07367534685346167,-.20225775228589526
-.7615608260079301,.02359002717856475,.07500409628955629,-.20362234796168188
-.76036116203154,.023979805465782857,.07721806736346215,-.20583772262545708
-.7600298076535801,.024088282215009596,.0778289917755075,-.20643608588079587
-.7586016146861003,.02455990806111802,.08045926749161392,-.20894759253841855
-.7583633842533313,.02463922367037272,.0808975520572951,-.2093558068988255
-.757587593293308,.024898798388406116,.08232390261896949,-.2106637928722339
-.7573386171483374,.02498252215601972,.08278136860342777,-.21107662387972503
-.7567299112019252,.025188070839821792,.0838991933333435,-.21207167408491756
-.7563082704800532,.02533116653414616,.08467298911965293,-.2127490390793092
-.7559950495833967,.025437846900298426,.08524754602238993,-.21324591263738846
-.7556685460956574,.025549396710375854,.08584622589656365,-.2137581153306094
-.7532957661364179,.026370709104563923,.09018955833094855,-.21730348979244773
-.7523013438953894,.026720524408987468,.09200595215891394,-.21869633586821635
-.7512215781709659,.027104141786177992,.09397563848531576,-.22014614740465355
-.7501341850291563,.027494468960932276,.09595650877618578,-.2215401294551409
-.7443238628990374,.02964911090630031,.1064945660484442,-.2278576047005565
-.7440817108267239,.02974146230827398,.1069320543337875,-.22807936429668807
-.7421192656188886,.030497538251236054,.11047252869348612,-.22975366714654122
-.7409862078101921,.0309403051241176,.11251263092708408,-.23062073230700797
-.7404338654875762,.03115780872864307,.11350606033952715,-.23101697266795362
-.7381554819187919,.03206660301540421,.11759643436009881,-.23246845744918687
-.7375839450289234,.032297522571434194,.11862062570262544,-.23278640549931673
-.735686017938673,.0330728916808922,.12201627264569492,-.2337097080657884
-.7355550850660906,.03312686863008569,.12225022145222797,-.23376590475958992
-.7354995226868715,.03314979320043549,.12234948743800356,-.2337894601298558
-.7314409016196972,.03485522474304471,.12958114848099944,-.2350409438661707
-.7309664892026206,.035058578336858784,.1304239665441037,-.2351270614694716
-.7245133027606177,.03790938185912699,.14183659820411576,-.2350635498526401
-.724034852657321,.03812709848390299,.14267890818258644,-.23496818080627513
-.7228181935140618,.03868473272325765,.1448184439391068,-.23467001583994573
-.7205229402801188,.039752441954814186,.14884538596148922,-.2338915807195736
-.7202975224488739,.03985841628514837,.1492402155083583,-.233800015994154
-.717880670502588,.04100724660159748,.15346604375707562,-.23265010783864604
-.7143485896192994,.04272804576377933,.15961749229325073,-.23042361282162016
-.7133832465037424,.0432070837648757,.16129369820746553,-.2297040869308704
-.7111228073651108,.044343594698659845,.16521024093455472,-.227835943045557
-.7102266436910074,.04479994420214421,.16675969919421607,-.22702496554103924
-.7091956521347105,.045329029187663156,.168539971961706,-.22604313755998984
-.7073278870900945,.04629869722086195,.1717588781611955,-.2241327939613118
-.7045817121101889,.047750725892107444,.17647695838528976,-.2210210908576995
-.7034171164387084,.048376033895258436,.17847252218568976,-.21959454676156742
-.7028190842169264,.04869935508381004,.17949604427925925,-.21883761219648257
-.7022387398846548,.04901455721012033,.18048850166458852,-.21808736641219983
-.6978690333945552,.05143385187960765,.1879361597857191,-.21195130023926367
-.6961601244842088,.05240225156227911,.19083676376164838,-.20932325124533602
-.6953564788630275,.05286202169526963,.19219848671980633,-.2080441168877094
-.6947439689175647,.053214322968056865,.1932353384486699,-.20705085525395095
-.6920206607524959,.05480049941733595,.19783480843901213,-.20244565879931997
-.6917682738163289,.05494914399050727,.1982602016874201,-.2020034691004602
-.6850948083699122,.05898173790602239,.20945465705336352,-.18940263421219772
-.6845726060331869,.05930566925887985,.21032627656741076,-.18834520435809754
-.6844257942922618,.059396959923373266,.2105712095274338,-.188046116760467
-.6769983541565332,.06414300606907647,.22289759063472014,-.17192376412468757
-.6768340941553244,.06425081494851012,.2231687476125115,-.17154612532438485
-.6714930754016963,.06782432113219874,.2319515286498366,-.15880461844104587
-.6660969110544841,.07157016137085569,.24075787443274577,-.14507883658559617
-.6624867077973873,.07415324379406217,.24661193116543767,-.13546040434757556
-.6623718121976003,.07423647260840427,.2467977421609283,-.13514892311593263
-.659647553331189,.07622845065667808,.2511944973377186,-.12767096515975496
-.6586820695911562,.07694298830932754,.25274859105820147,-.12497938992837065
-.6530772820622919,.08118030507655781,.2617276959121847,-.1089578115257348
-.6516677266806143,.08227008071658667,.26397440965034413,-.1048291612893606
-.6460763884144296,.0866893525866075,.2728411920797276,-.08810239267136533
-.6448691202232575,.08766388475182424,.2747461784456216,-.08442341366477324
-.6389866007831282,.09251658040349431,.28398007880079956,-.06620045168094002
-.6359469786946781,.09509226534215964,.2887200147030068,-.05661438101199723
-.6349868723103853,.09591554489166687,.2902127401424035,-.05356557338462409
-.6327752695403521,.09782977483593999,.29364310402713256,-.046507978052682475
-.6304232728150618,.09989285345757729,.297278795918512,-.038954033652705444
-.6272646113151288,.10270801274313213,.30214125844366657,-.028741481848184147
-.6250023398745541,.10475574452712541,.30560960663569114,-.021386665422583828
-.6213549413996866,.10811281910566735,.3111765606800583,-.009472229204573024
-.6201937600867276,.10919601514975304,.31294238131869284,-.005667427877932063
-.6167221560668035,.11247621149229464,.31820305542977434,.005732150940056524
-.6166797750626605,.11251664310552797,.31826710471261965,.005871492213209928
-.6135904376912702,.11548910578958986,.32292473063888116,.01603576847322241
-.6108724218167347,.11814553656120724,.3270042507283662,.024983739535144434
-.6105522045502361,.11846104573866068,.3274837437283969,.026037866562375056
-.6102906333048854,.11871917005922496,.32787524395458956,.02689889446092808
-.6101601323942858,.11884808540996555,.3280705086619818,.027328454900392263
-.6078715424305932,.12112339733906036,.33148844588069215,.03485893943219942
-.6062661445935225,.12273590546784037,.3338788155488252,.04013679678256343
-.603394471690984,.12565414181724746,.338139722304093,.049562814743720374
-.5980869273577094,.13116231477908138,.34596461836074,.06690946608642223
-.5964211195294171,.13292181690886176,.3484070574594006,.07232733740178254
-.5962756174725141,.13307620092095843,.34862009004729033,.07279986509171787
-.5958249516169092,.13355508897472393,.34927960807205255,.07426268387743895
-.5941912262699149,.13530015116112637,.3516665063906718,.0795557156537876
-.5890720560255298,.14085993292704133,.3591056495842874,.09602811997916882
-.5799131470217855,.15115483453568676,.37226382872126373,.12497384031071734
-.5743523260006886,.1576232299028521,.3801579832218088,.14214941770075462
-.5737020680495826,.1583903650719014,.381076412409593,.14413576870934852
-.5717909194687747,.16065804699973646,.383770062348961,.14994560420053382
-.5713340025989277,.16120308187620316,.38441280603489986,.15132828088492112
-.571187750518003,.16137777378136645,.384618436241857,.15177033050096134
-.5696413339139319,.1632318627331137,.38678966350038285,.15642867414787753
-.562936155780873,.1714180639472331,.3961398946001318,.17628037411413278
-.5588671456000138,.1765020681850217,.4017632602279173,.1880375023237315
-.5584323673153821,.17705048088368364,.40236185482446213,.18928025935364068
-.5583417958799175,.17716485000070797,.4024864967616882,.18953881270209538
-.5580030321337324,.17759300843163517,.4029525257019878,.19050485650268434
-.5556364057868282,.1806010613356524,.40620081849132667,.19720833951422645
-.5509909854623669,.18659139016570767,.4125391171540163,.21013081703191272
-.5506420767429638,.18704589592242346,.41301315618493945,.21108854589310055
-.5386571004384186,.2030446732700084,.42912510996596925,.24285685729252376
-.5351712486355553,.20783806735916033,.4337488296182989,.25167436581852554
-.5335111654846592,.21014286848970312,.43594090900922194,.2558053357472448
-.5329705749090081,.2108964631280322,.43665336109591535,.2571410036918192
-.5321624988690894,.21202573466482674,.43771707367444085,.259128803503072
-.530583246295256,.21424237014513223,.43979155872664655,.2629832810063769
-.5276696965326815,.21836525563380285,.4436035953605771,.2699887487973135
-.5190560853476403,.23080569419196578,.45475847357840454,.2898966935892658
-.51778897957496,.23266719420415452,.45638490961865974,.2927241141569461
-.516058921317545,.23522173214043168,.4585995772484753,.2965428466365393
-.5143622713449345,.2377413708645937,.4607647437425918,.30024118438708536
-.5124645404007748,.24057648728078063,.4631786165484233,.30432329928144963
-.5101996300426266,.24398334204685196,.46604861231482486,.30912021317776145
-.5056724865346807,.25086809639300184,.47174959247313536,.31846576601466725
-.5050068454405998,.25188876784865155,.47258382268961846,.31981283170123925
-.49198331495418324,.272283390729261,.4886993461680638,.34481047779248264
-.4918894542067973,.2724332664522518,.48881406472611955,.3449814809557187
-.4852308045746623,.28316896031771815,.49690032051422267,.3567920052691688
-.48399874778824925,.2851775016164193,.4983852670825543,.3589093051809781
-.4751470214976139,.2998064475735792,.50895048617425,.37352447089327007
-.4727182338335949,.30388031019340084,.5118176942756945,.37735843263779456
-.47051506373360974,.307597605104936,.5144067372099206,.3807735131699016
-.4608703708520814,.32410992191278726,.525608275442806,.3950579007567679
-.45990442316671043,.325784691682018,.5267182735723198,.3964318999481624
-.4553827274861868,.3336739482613902,.5318855397805333,.40273572536288066
-.45422787334892045,.3357018002893617,.5331976805561967,.40431300904346085
-.45063370607179265,.3420459508406247,.5372615870929742,.4091406517581161
-.4502947278502025,.3426468418882255,.5376433236056366,.4095897927945613
-.4501254118991418,.34294714383503233,.5378338971661945,.40981374466761866
-.4470304521837436,.3484554557577002,.5413057259209154,.41386266118837833
-.4451243992738454,.3518655484986405,.5434328342865846,.4163152848132379
-.4432007148678643,.35532070341195476,.5455710848582371,.41876030169571554
-.4370095331753121,.3665308497133678,.5523946275129442,.42643609636166674
-.43507028201994036,.37006977619347337,.5545136874878053,.4287839556660126
-.43386033437235105,.37228431600110046,.5558314084906373,.43023616505323997
-.43195365260492435,.3757840992444014,.5579010399802962,.4325056465431326
-.4308087465082586,.37789144440152717,.5591397454049192,.43385765339380133
-.4305504343388358,.37836750008748815,.5594188005717989,.4341616084159908
-.42715276409316205,.3846494946885768,.5630749213738196,.4381241289181785
-.42505684458471804,.3885431491668401,.56531693330955,.4405373587661672
-.4232714227567491,.39187087256879644,.5672187774026899,.4425757048388358
-.4228714686374726,.39261767519417057,.5676437988967837,.4430302252902396
-.4224130222169187,.3934743014655524,.568130522871027,.44355030445779975
-.419354023676656,.3992065257102099,.5713657401674177,.4469966925180063
-.4183051890671854,.4011783811773759,.5724700037994361,.44816932312640057
-.41577627683107155,.4059461144175038,.5751220835910242,.4509793662120806
-.4145563890831456,.4082525547426548,.5763960870094695,.4523266703854574
-.4098993407017315,.4170959789789791,.58122802336057,.4574271515891159
-.40768498225469907,.42132159942651887,.5835079126705766,.4598316642693825
-.40647300927646945,.4236398649416753,.58475094194321,.4611429340953147
-.40408245261615283,.42822363441539163,.5871927794752356,.46372071864989883
-.4024227480157365,.4314145176098409,.5888803001363389,.4655045717935671
-.40171782569425196,.4327718362495699,.5895951058076667,.4662609751278619
-.4016047319866505,.4329897099596791,.5897096779777271,.46638226461108484
-.39765214085125544,.4406235998357481,.5936953255859239,.47061216011650675
-.3924962468736237,.4506354970856687,.5988399387027061,.47611367572600327
-.3915372508286177,.4525041318247321,.5997900435179544,.4771363681121186
-.3911573665607089,.4532448875224985,.6001658165485116,.4775415112925001
-.3906875412322188,.4541614429129502,.6006300948192266,.4780426139375762
-.3884292360453432,.45857340224530224,.6028546002171353,.48045229219775293
-.3859663056558009,.4633967985856279,.6052671983486937,.48308364631833467
-.38462194679905637,.4660345497743875,.6065781549198148,.48452210845771243
-.38041485535148434,.4743108198729973,.610653661117124,.4890377496346103
-.3798226093215571,.47547842461205764,.6112240908608448,.48967552216879995
-.37521433939485616,.4845835716065652,.6156348468291807,.4946604461725327
-.36931898837662147,.49627944998247986,.6212057880522832,.5011095755448981
-.36919929760534287,.4965174156030147,.6213180584928288,.5012414969767016
-.36901233552937884,.4968891664609145,.6214933632831029,.5014476493228802
-.36824124513909995,.4984228743908397,.6222155196053446,.5022990025155304
-.36779016390810537,.49932044169198164,.6226373362084481,.5027978842018374
-.36731204020647135,.500272105146338,.6230839262135074,.5033273709348757
-.3669128006573701,.5010669798257621,.6234564289538898,.5037700573397311
-.3650279058675421,.5048224243655697,.6252101062994813,.5058671501176594
-.36270001377711925,.5094663051533848,.627364581323569,.5084740416984637
-.3617682078108566,.5113268578752169,.6282234535994721,.5095230437483992
-.3599814160396688,.514897152912591,.6298647638383973,.5115438121309811
-.3595506952759171,.515758290115975,.6302593086761054,.5120328035687872
-.3582218260494101,.518416234286777,.6314738585082224,.5135461627494842
-.3567040363542293,.5214540762236902,.6328560714572253,.5152836071211343
-.35528855531232084,.5242889871442916,.63414030485502,.5169128060812622
-.35434684143685646,.526175971644346,.6349921287957883,.5180015815341874
-.35267310863107637,.5295314818518425,.6365010269307378,.5199465747760246
-.3522780877646925,.5303237284714786,.6368561982137237,.5204074981997747
-.3466100564657466,.5417026339950873,.6419126314622149,.5271040966658221
-.3454713621237788,.5439908037073469,.6429194787334673,.528468904000813
-.34381342250584446,.5473234308560762,.6443800778823218,.5304682311003568
-.3434579977115437,.5480380185528668,.6446923683939682,.530898747707264
-.34333155868563847,.548292238143963,.6448033922280871,.5310520638252548
-.3431457091061749,.5486659201353121,.6449665161689736,.5312775759634116
-.3423107212363832,.550344958722431,.6456984145396208,.5322930719232178
-.34217565865077026,.550616572595694,.6458166502219695,.5324576895132076
-.33951629288315255,.5559657331690093,.6481360878434347,.5357195602904874
-.3369311355043285,.5611671936673537,.6503750972336964,.538928759631234
-.3363033105271225,.5624305637489291,.6509165208625697,.5397139719025583
-.3355889600318167,.5638680985542964,.6515314517101057,.5406102124127672
-.33126413183024805,.5725715597708901,.6552291269362845,.5461013640074937
-.330977364362516,.5731486357997002,.6554727776925677,.546469484694897
-.33091862675989137,.5732668352847556,.6555226603376343,.5465449481009585
-.3292186086993931,.5766876418425321,.6569629295407738,.5487383143009352
-.328948091624341,.5772319397252411,.6571914963226381,.5490889958667943
-.3279959653408684,.5791475666489025,.6579946236266563,.5503269260325868
-.32540985621103435,.5843495614423367,.660165430945419,.5537182987676813
-.3240815037690252,.587020757849915,.661274440627221,.5554769282063075
-.3239886379322452,.5872074787300291,.6613518192055431,.5556003013532503
-.3228608300273743,.589474835222681,.6622899475671694,.5571030758956474
-.32082096125619186,.5935743874325576,.6639792573918886,.5598422651623264
-.31913100952401297,.5969691158400064,.6653714831117963,.5621323574181415
-.31681486512322166,.6016190048281386,.6672688340964713,.565301910563336
-.31137107554896737,.612532887759558,.6716793709398466,.572893988660348
-.3078879150549907,.6195025865472629,.6744653947968369,.5778578387039
-.3074968033795429,.6202844377496991,.6747764722043134,.5784204225354367
-.3061598456019823,.6229558534563912,.675837168302526,.580351501671427
-.3006751878753178,.6338931887495431,.6801451658672139,.5884028295112682
-.3000972379600513,.6350435066555313,.680595065466333,.5892633781377672
-.2991724729315224,.6368831613316445,.6813133302136302,.5906451362383452
-.2989677059724365,.6372903487778961,.6814721047298874,.5909518942104477
-.29227300530369615,.6505686338206322,.686609611335177,.6011406818461529
-.28608217544910497,.6627809285761985,.6912680405938759,.6108360938651312
-.28489880320403915,.6651071638565169,.6921483870519264,.6127189110622768
-.27972558989282614,.6752429867505876,.695958804604862,.6210593683780798
-.27819276452386754,.6782351968718964,.6970759256677853,.623564470433233
-.27807991906699225,.6784552729284754,.6971579521637796,.623749497861456
-.27651665699786787,.6815010176274685,.6982912401435155,.6263211701046837
-.27474288569953353,.6849499928432725,.6995702802658561,.629258129865302
-.2746100778448266,.6852079267981228,.699665752721266,.6294788354255818
-.2726415769403636,.6890260283605497,.7010760702996983,.6327632240893961
-.27213384170305055,.6900092762253819,.7014383769545945,.6336143089166679
-.2717400462765698,.690771429402865,.7017189678742735,.63427550905788
-.2683959161797107,.6972275969022103,.7040872797155731,.6399289482892987
-.26684551494465847,.7002107596908125,.7051764829208739,.6425730191349363
-.2648407699329616,.7040583675091736,.7065766201619766,.6460131265115765
-.2646407097600145,.7044417170449024,.7067158335550514,.6463577225119508
-.26180376009565554,.7098654637119484,.7086799660337619,.6512691578273795
-.2614324988488195,.7105735163293221,.7089356251390416,.6519153007482362
-.2571563571494573,.7186988294590447,.7118572548215759,.6594126899250987
-.2531555557145535,.7262490662088071,.7145524016499687,.6665161110354194
-.2512899067037462,.7297519667610965,.7157965210477586,.6698566178016738
-.2506907856139171,.7308743797366252,.7161943380005333,.6709330312308107
-.24910959553392686,.7338307391864023,.7172402561225257,.673782267276513
-.24853917631774225,.734895133628415,.7176161526060992,.6748130791612376
-.24429729180314252,.742774251081779,.720387835245343,.6825258275590526
-.24180805458601773,.7473673646371956,.7219949142842422,.6870888990974559
-.2410019070541809,.7488498805027664,.7225122946891076,.6885722561668067
-.2403501658673166,.7500466346766989,.7229294774102197,.6897734423378207
-.23695799398022266,.7562489481039241,.7250849328120349,.6960524563758146
-.23538320528214518,.759112893811471,.7260765249208626,.6989822259058301
-.23353002042530524,.7624703118496599,.7272360549589787,.7024412692960813
-.23020848473759226,.7684524574502504,.7292944155274863,.7086698857618063
-.22906005131927754,.7705099889418462,.7300001548512178,.7108315396306174
-.22760808092137386,.773103229542448,.7308880510308163,.7135701079813761
-.22648792160221576,.7750975920445934,.7315697034620043,.715686922263211
-.2256965104184545,.7765033219391119,.7320495497787762,.7171845407955556
-.22507878572195072,.777598619100536,.7324230786365886,.718354629718688
-.22328987462399796,.7807609506563716,.7334998191675395,.7217485912111161
-.22294339041146527,.7813717791555048,.7337075099633366,.7224068448835373
-.21925636169913965,.7878377034182755,.7359003745619278,.7294279810622388
-.21913084632173052,.7880567099070959,.7359744706494137,.7296674925680436
-.21574147630913254,.7939424961477611,.737961533299895,.7361459447677459
-.2136725542577702,.7975081373395574,.7391613845381121,.7401095433246886
-.21349746008091897,.7978089412781635,.7392624735558349,.7404452591826937
-.20989538366445482,.803963434922622,.7413263386674284,.7473596737455303
-.20434949860811313,.8133103270138392,.7444451695246576,.7580261225556915
-.20382101971516087,.8141926617632561,.7447386507490055,.7590432638304813
-.2031507784654072,.8153095546119987,.7451099264533547,.7603333215530967
-.19702103874147592,.8254119993455725,.7484571709807574,.772129324603692
-.19560715649590166,.8277129620634728,.7492168893131651,.7748478375519031
-.19550750485881485,.8278747148238484,.7492702601990799,.7750393842464403
-.19088367367076065,.8353182213403384,.7517213667896784,.7839162389319124
-.18798739170032763,.8399180187395058,.7532314642273131,.789462262112535
-.18746869968635327,.8407366060596724,.7534998540660722,.7904540393623009
-.18574971577381416,.8434380834581054,.7543848621654697,.7937372965872579
-.1837337335924818,.846583833991583,.7554140557062691,.7975801739216817
-.180121582583882,.8521586643758642,.757234571135771,.8044419228523714
-.17705006664169698,.8568358318584102,.7587588271751674,.8102489470059563
-.17602836852750503,.8583785464328422,.759261005842019,.8121742537326376
-.17391821075500546,.8615438667536371,.7602905219160314,.816139825702615
-.17196146586238892,.8644536380044335,.7612359716633419,.8198031804639926
-.17006321809070046,.8672527876531174,.7621446802774724,.8233433110182977
-.16557231251903937,.8737810071878904,.7642612801166293,.8316598461469972
-.1561730447274723,.8870045989012343,.7685399937583762,.8487556170803394
-.1509333628121441,.8941096919982785,.7708363373847554,.8580730656344622
-.14156882019979022,.9063153337935813,.7747820190966073,.8742795324788661
-.138821039209575,.909773814798501,.7759012229564322,.878914868542379
-.13780035072430485,.9110440329402206,.776312505831912,.8806218482812249
-.13726686113634923,.9117048095272486,.7765265131395076,.8815107745356489
-.1335448565313584,.916254535019675,.7780012333163852,.8876484753407193
-.1318810484320696,.9182539620479642,.7786500814769969,.8903548910948729
-.13120535184443183,.9190598454700811,.7789117569401696,.8914472547173208
-.1275495172741654,.9233583632640829,.7803092000300021,.8972880789179293
-.12199931693905985,.92968285217919,.7823715761754849,.9059225181447411
-.1179950183732239,.9340926389813928,.7838151980391166,.9119686637104323
-.11603856813683433,.9361999265739964,.7845070245798976,.9148645552027934
-.1142658068608513,.9380823376967559,.7851262381568421,.917454722685899
-.11269798063434822,.93972560815061,.7856678022687804,.9197182063348575
-.10967326022897073,.9428384015073789,.7866965205317024,.9240113201746515
-.10736721341830036,.9451603772650184,.7874665752160082,.9272178432636224
-.10728740886037125,.9452399355428089,.7874930036700515,.9273277637492457
-.10651300094599536,.946009174285271,.7877486939632512,.9283907432196198
-.10495223229973649,.9475441764057383,.7882597991169579,.9305127709402857
-.10437518999223849,.9481064830895163,.7884473342512168,.9312903832150878
-.10175531383733039,.9506239310666577,.7892890754389609,.9347732056233087
-.10032861776165714,.9519702563285969,.7897407716010919,.9366365878995431
-.09735782633652179,.9547176929801715,.7906661996267361,.940440177848144
-.08849655393473976,.962458165092686,.793305110934025,.9511531140982454
-.08720491693033017,.9635289595989175,.7936745729834455,.9526333959330838
-.08623917271625148,.9643199441045717,.7939482907482659,.9537263921808458
-.08465616181939484,.9655986064439788,.7943922846441156,.955492283099237
-.08266849741299809,.9671725497727769,.794941551995764,.9576640038076765
-.07967646833521869,.9694752059665548,.7957511042149163,.9608363904147641
-.07965669264950659,.9694901580989755,.7957563859205987,.9608569685527791
-.07853609469069145,.9703316785134788,.7960541957946851,.9620146261704803
-.0782024902765539,.9705800163477878,.796142292463765,.9623560630974586
-.06861129855221026,.9772879975362302,.7985648207688486,.9715349481786993
-.06724805258929956,.9781732180316558,.7988918483628872,.9727381613395361
-.06688278661079217,.9784074987458027,.7989787402519488,.9730562044880781
-.06429051393674357,.9800348272996245,.7995865261394081,.9752603585806219
-.06381232731120012,.9803282317412959,.7996969412655648,.9756567701133567
-.06289173037029672,.9808871274206312,.7999080189509616,.9764109730115744
-.0599250076659279,.9826347125865145,.8005748802355215,.9787609029313812
-.05843971377394519,.9834788725906374,.8009010853469684,.9798909960521422
-.05774932275569089,.9838642451826581,.8010509712950211,.9804057008681623
-.056966971551067225,.9842955659640609,.8012194873725789,.9809808294531628
-.056183373643263756,.9847218344636002,.8013868505530997,.9815481973834437
-.054833273120492576,.9854427808687706,.8016718720652474,.9825053343907824
-.0525975374078711,.9865990238058551,.8021345743897408,.9840333773907275
-.050722898860062315,.9875322650052234,.8025136189899812,.9852597136737348
-.04974843868310197,.9880042831724077,.8027074349537971,.9858773423970508
-.04868366997814344,.9885097897876097,.8029166976732148,.986536668938052
-.04844925116652021,.9886196419051659,.8029624160296555,.986679643892583
-.046060354082254173,.9897094410532079,.8034210596712347,.9880916994304216
-.04485740025815854,.990237730720265,.8036470092031256,.9887717128466571
-.044167382026751856,.9905345550722138,.803775101516102,.9891523744142332
-.04366934487193985,.9907459820977226,.8038668697897566,.9894228667531401
-.04158765467033643,.9916041409182571,.8042442210185534,.9905147814676831
-.04127262965183931,.9917304097076465,.8043004514797166,.9906745800940095
-.038841905193155224,.9926728419591021,.8047265928923689,.9918594364783562
-.03564397653889473,.9938266538014973,.8052663852879781,.9932883462190203
-.03520760860574512,.9939764968223217,.8053382046614996,.9934718760975288
-.03359304438010913,.9945150264799628,.8056001009617588,.9941270334695741
-.03267551731548912,.9948099046569745,.805746240549586,.9944825794145459
-.029655765723474614,.9957232126800039,.8062134401929417,.9955669917226723
-.025534095256895206,.9968279170137818,.8068170259789949,.9968351480813591
-.025048175996529753,.9969473439682344,.8068855914385369,.9969685660305838
-.02373876649113571,.9972577988375748,.8070676320164438,.9973112283014012
-.02234909047525302,.9975691384493443,.8072564866817203,.9976480293001759
-.02170430954398328,.9977072433104688,.8073425917864343,.9977949156704994
-.02009446524231917,.9980344715155995,.8075533685447109,.998135735994837
-.017731602569102112,.998469255661507,.8078518641455666,.9985691168552974
-.017628543570211486,.9984869864290862,.8078645889893509,.9985862132729239
-.01698941095801887,.9985946436320573,.8079429541247322,.9986888740520157
-.010472214846267924,.9994658446183339,.808688012142172,.9994065189911923
-.010253489426101936,.9994879198192979,.8087113105614281,.9994202625158832
-.008681776390081719,.999632854249339,.8088754681279464,.9994994028119711
-.004092770927197176,.9999183964920453,.8093220172399083,.9995345534848574
-.003871087076259938,.9999269968803883,.8093423535872941,.9995289078219565
-.003597916257571887,.9999369362964802,.8093672565420629,.9995210250353932
-.002764096476868927,.9999627789578874,.8094422004676455,.999490650908501
-.002055722704671359,.9999794119950347,.8095046037907092,.9994573900757528
-.0010277443479624893,.9999948541367635,.8095930946383719,.9993969755820065
-.0005482584309355332,.9999985356012089,.8096335326437238,.9993638899598927
-7594671881583359e-20,.9999999718999547,.8096728448546293,.9993282552742255
.0005187047169485925,.9999986892219896,.8097216048766415,.9992791021629186
.001676807384154877,.9999863021367928,.809814215193067,.9991696936068913
.0038826898013060163,.9999265586168895,.8099820176911009,.9989115386846191
.0079544763921644,.9996917838627778,.8102621503482842,.9982653350154314
.011650965009377234,.9993388638540793,.8104831994631246,.9974908412783118
.0135585428641809,.9991047383866761,.8105848887188143,.9970222922204824
.013688350387035753,.9990875207909089,.8105915021472004,.9969887207587026
.015678454204309356,.9988030534454433,.8106880068010253,.9964473010219663
.016162672439984593,.9987280185594652,.8107100997598885,.996308011182846
.01814246285975174,.9983975446546068,.8107947788582507,.995707996099713
.018318180651941463,.9983663749898827,.8108018558616571,.9956523842304252
.022011428472063388,.9976419640538718,.8109340484542573,.9943956218899078
.02735025337820285,.9963613517824397,.8110692828479723,.9922878511443197
.02819537737666078,.9961333840240576,.8110846361568991,.9919233297357887
.031183696203072042,.9952720693512449,.8111256547214845,.990568181631184
.03801554200878199,.992980375255532,.8111417143548508,.987092551827951
.03982626399316325,.9922979889509536,.811127842814436,.9860860201922816
.04042288099827007,.9920662858111468,.8111216085123353,.9857467482147091
.04070642319548212,.9919549774961608,.8111183565697009,.9855841942701212
.044812963469624156,.9902569823714298,.8110503751522714,.9831363751858833
.0465085774364673,.9895090868198037,.8110109087288843,.9820755776508098
.04670658704789288,.989419970402157,.8110058655918143,.9819498287953118
.04872225155484333,.9884916600718896,.810949359551344,.9806477728161687
.04974253866113565,.9880071137714406,.8109171692106049,.9799736109663544
.05077799671392014,.9875053084813841,.8108820344253893,.9792792039461262
.050793745007936764,.9874975983944555,.8108814808831788,.9792685638022781
.052415848646222285,.9866909217419808,.8108213874279275,.978160070127773
.0527340105584817,.9865297915286925,.810808885507952,.9779397559625246
.05444764983726613,.9856455627569951,.8107375161525172,.9767370393795092
.056627403615061134,.9844809927661566,.8106369032870725,.9751685920759394
.0630446803882947,.9807948151929962,.8102767873111385,.9703104151741074
.06854707096081492,.9773300869353647,.8098920366069917,.9658758559704393
.07532945582922657,.9726771192553342,.8093212659206546,.960097488153816
.0754359824420896,.9726006964027011,.8093114510991818,.9600041569071966
.07618157235407041,.9720629265543898,.8092420202681172,.959348789078829
.07738667184420023,.9711830890399368,.8091270758630978,.9582817169542474
.07870167350288804,.9702080478570535,.8089978099673641,.95710655020584
.07898750225061657,.9699940506029018,.8089691826958396,.956849652982542
.08575955795736556,.9647096974045519,.808235558298095,.950618228861117
.08646904258691057,.9641324201444367,.8081525502434658,.9499501270422498
.08821657362651791,.9626915250378394,.8079431193683384,.9482929833501883
.09016792399616236,.9610507359070831,.8077009009398679,.9464238038258647
.09121042510947741,.9601604341493006,.8075678812658634,.9454173910619015
.09262189611534644,.9589398606596523,.807383769926769,.9440464228430515
.10047757860769169,.9518305005844339,.8062747492102598,.9362557910927183
.10075465349672075,.9515700426082372,.8062330230478238,.9359764854901775
.10439662318578602,.9480856476115868,.8056680259326935,.9322799620218786
.10789421218988005,.944633663050339,.8050965008361077,.9286896090158894
.11114444430261394,.9413338666994436,.8045399893690501,.9253223426395504
.11364563202338451,.9387347774396145,.8040950669238712,.9227135599979869
.11374439264078817,.9386310907321002,.8040772015008679,.9226102682394989
.11408859019849626,.9382690971733381,.8040147608471844,.9222501200280997
.11567331804049186,.9365898750865163,.8037237354088455,.92058889248732
.11773344301811028,.9343761868113577,.803336708041523,.9184223977410754
.119663047296648,.9322714365766882,.802965283076871,.9163869196587807
.12011544933511731,.9317736091166706,.8028769529667528,.9159089159704612
.12286880565751668,.9287082644301302,.8023291439352747,.9129942552113322
.12498764282328167,.9263080354613372,.8018956205996887,.9107459390109954
.12571710690194138,.9254734353625694,.8017439622345132,.9099710482456786
.13006792404262169,.9204084128864051,.800813806380227,.9053433022021609
.1323583200536973,.917682603187897,.8003065251204748,.9029051348922273
.1345467802920548,.9150402208530484,.7998104664648005,.9005758244483458
.14225051189209026,.9054485856909452,.7979759829778907,.8923959814460847
.14773226941307738,.8983539378507955,.7965868882464022,.8866139150327391
.14888481515746643,.8968343306339149,.7962859720453922,.8854041925909574
.1501280383256942,.8951844026679334,.7959579307887296,.8841020094694815
.1508880730637856,.8941702549120067,.7957556216335173,.8833073967115668
.15149398219652999,.8933587978325214,.7955933795333131,.882674753894527
.15157731472229496,.8932469902894088,.7955709993501628,.8825878037095366
.15161978973863843,.8931899823231891,.7955595858658031,.8825434903155506
.15266428780453212,.8917840579513249,.7952776030616963,.8814549878787054
.15399714949410437,.8899787304364385,.7949141002367255,.8800694524559295
.159228492281698,.8827724239301754,.7934476109316956,.8746731465366251
.16149326028676447,.879593853974563,.7927930681890552,.8723598860366198
.16248932937373572,.8781847890347454,.7925014308413925,.8713472808472413
.1642494953674165,.8756783755468651,.7919804550213303,.8695653970421067
.16489820123090104,.8747493770094911,.7917866402032598,.8689111782094542
.16599665409770625,.8731698772554162,.7914562306496518,.8678065421345369
.16616907426889482,.8729212173975092,.7914041136261375,.8676335169806781
.16880840963916932,.8690902284973796,.7905977315593757,.8649976884252536
.1710377867337518,.8658186144493442,.7899040284463456,.8627906591583863
.17197330969216207,.8644360998139666,.7896094970598218,.861870020381879
.1728829643098302,.863086392006673,.7893211654911259,.8609780442248811
.17484616763858085,.8601553808270268,.7886923591694426,.8590640245505361
.17628466474001936,.857992169693117,.7882259457920672,.8576713830366388
.17744115922726822,.8562435638623817,.7878474915348397,.8565579317240549
.17935256821841672,.8533351888771679,.7872152042648861,.8547300245476737
.18041748214869302,.8517049908989968,.7868592629835068,.8537184544984276
.18067665159351765,.851307188961537,.7867722395893983,.8534730176600337
.182935111160065,.847823237417481,.7860073120116612,.8513468645767248
.18852261384185942,.8390716844591098,.7840640730863443,.8461875347532618
.19121661178979465,.8347863354296315,.7831013020423984,.8437533953145857
.1914376757756986,.8344328211728305,.7830215525256221,.8435552427903149
.19334632248743122,.8313689540225722,.7823282936128358,.8418545767185323
.19960802303823555,.821173293646115,.7799946542641183,.8364060671799048
.20075747431669422,.8192782086585899,.7795564034168481,.8354281740458799
.20122951643342413,.818497887427169,.7793755414519465,.8350286205375277
.20306619673829274,.8154503325975401,.7786669091478858,.8334853342499193
.20353153265437474,.8146753562883737,.7784861312711057,.8330972116331125
.20439620038631934,.8132322841056525,.7781488852195897,.8323791257764129
.20509361092744727,.812065483837795,.77787561246784,.8318028955026455
.20523850649959763,.8118227467246171,.7778186953328081,.8316835081858382
.20902874197972743,.805434462235143,.7763125569830294,.8286012882077387
.20985246287568438,.804036377672157,.7759808297004599,.8279418802871404
.21058257022247728,.8027943142771764,.775685488134021,.8273605452779538
.21084090840692693,.8023541853092174,.7755806898882476,.8271555543450443
.2136335301680441,.797575192001827,.7744379568315807,.824963240338823
.21730828829322446,.7912284521176535,.7729067256204216,.8221445368591126
.2185748599714119,.7890259377812601,.7723717093091835,.8211904685204277
.21977898593212242,.7869250061545956,.7718596246272131,.8202917341575496
.21982281733569398,.7868484021813037,.7718409208628318,.8202591717865818
.22457261261980688,.7784948568894162,.769787710070629,.8167938798771759
.22510956531878268,.7775440834478541,.7695523112639147,.8164100109978651
.22533905647162467,.777137335515511,.7694514991275709,.8162464331993735
.22573857012890164,.7764286837036353,.7692757074706995,.8159623596314817
.22611918756313587,.7757528928824438,.7691078864560476,.8156925411006092
.2273891966314352,.7734933678996042,.7685454884593187,.8147980054789691
.23017634562516354,.7685101142479459,.7672981565469501,.8128658371684918
.2313864916189905,.7663361273406883,.766750976789626,.8120400725356197
.2323780892628451,.7645501712992637,.7663000868283933,.8113693338141515
.2335378887092967,.762456086516152,.7657698233173554,.8105915198433564
.2359881936948547,.7580138231540616,.7646392901395058,.8089717856746379
.24627332660408618,.7391118747870754,.7597421546564553,.8025104790543881
.24893194104061966,.7341623614876807,.7584364260540656,.8009249830129225
.24937299454138495,.7333388586375232,.7582182272416877,.8006651592848026
.25062599792127904,.7309956820285584,.7575958801962719,.7999318995115495
.2565529541617657,.7198408415733805,.7546027586513955,.7965577989013654
.2575599586165358,.717934327357935,.7540861314276853,.7959993555703521
.25872040489466164,.7157333866653303,.7534878697781535,.7953609097134268
.25900342149723765,.7151959779043932,.753341488905823,.7952060154591433
.2600784022849303,.7131525141543723,.7527838000006286,.7946205404311861
.26279642329944175,.7079703138738079,.7513617764398643,.7931598214517259
.26371545017066644,.706213195992486,.750877084831097,.7926720568922859
.2637160406182124,.7062120663149642,.7508767728021032,.7926717444867185
.26621507831458424,.7014219260926225,.749548890668005,.7913603300788132
.2692398090529202,.6956011355610865,.7479223233436696,.7898005780655515
.2695163683809072,.6950677045534219,.7477725442706562,.7896593858138446
.2716640812245832,.6909184073752964,.7466033540581338,.7885705402547137
.2767041310270304,.6811360546303871,.7438176441191836,.7860637337360796
.2768598645125284,.6808328200636979,.7437306306010032,.7859872497598404
.2787054959182591,.6772348841863186,.7426951356261574,.7850847844406463
.28317536291244694,.668490061695612,.7401546075812928,.7829258584600537
.29574503627184057,.6436907966946448,.7327623051143172,.7769729098355073
.2974225793218672,.640360978268125,.7317480457587082,.7761816022260607
.3000898886306185,.6350581314389512,.7301219391152693,.7749202757410937
.30035707466702477,.634526398251679,.7299581427546494,.7747936250468596
.30057492382067563,.6340927805632626,.729824469592585,.7746903116260114
.30085222096171704,.6335407431485774,.7296541598437426,.7745587387589461
.3011402773184566,.6329671788298353,.7294770533750679,.7744219784960023
.3027608375733273,.629738396429326,.728477096992926,.7736508488559944
.305345852410559,.624581357069353,.7268694366267876,.7724134121691512
.3056485823573065,.623976907419234,.7266801515566961,.7722677993147169
.30794234642512874,.6193937630067691,.725239052461204,.7711589258145346
.3161452786252008,.6029626174766661,.7199856689347638,.7670872113278676
.31708174165064684,.6010833977499394,.7193760179062062,.7666090679683601
.3192480093982175,.596734140622064,.71795796019233,.7654903607995978
.32086387485412304,.5934881640194916,.7168931211893567,.7646435449695856
.32341292022207746,.5883649718586478,.7152010279347047,.763284226767398
.3241632433650721,.5868564052645613,.7147000848527022,.7628782684390043
.3248688988885551,.58543745225268,.7142277733474526,.7624939297706106
.332255422121265,.5705766852573785,.7092145624721904,.7583062985121416
.33227552281980866,.5705362338927911,.7092007477297251,.7582944553702121
.33396180228887373,.5671426595640409,.7080384738859047,.7572914410652134
.33601673983442226,.5630072433044218,.7066131955332118,.7560429087271351
.3362643793867286,.5625089062115397,.7064407753869316,.7558904298346714
.3386495022130027,.5577096195222114,.7047728488700286,.7543986588039017
.3388923196098963,.5572210819798271,.7046023064526499,.7542443740395447
.3431750824740143,.5486068591568646,.7015718627436801,.7514454190159318
.3451602461499377,.5446160873646525,.7001527654316118,.7500954944381678
.34668754781287237,.5415469407082354,.6990547571824046,.7490328911093439
.3521097764550296,.530661324757448,.6951129562007401,.7450805160240705
.35377079545630674,.5273305894101684,.6938918152133782,.7438102238466584
.35949126651199825,.5158771201417482,.6896373494854664,.7392036988245032
.36719490536762334,.5005052963646828,.6837881548614493,.7323807758643802
.36765504367966906,.499589356956665,.6834344310339003,.7319490112654835
.3699300948471018,.49506476818336276,.6816783142094331,.7297719639495749
.37054847692848303,.4938361448331439,.6811989111188466,.7291678654579296
.37510175235854204,.4848064514920644,.6776416890116239,.7245514443473537
.3787865054895596,.4775225322144139,.6747278322068365,.7205899308133682
.38023383951154766,.4746676257538094,.6735746941644389,.7189763695496415
.3845448702838883,.4661858845466116,.6701111993871635,.7139706111519938
.38520585667974827,.46488844441863897,.6695763539958833,.7131760270405664
.38536581769884015,.4645745837997167,.6694467674214355,.7129826321942752
.38559237972018123,.46413012838991374,.6692631250366469,.7127079777703088
.38592447950946784,.4634788131395356,.668993722913455,.7123038151361216
.3867180328309725,.46192335575366944,.6683489510784355,.7113304820086941
.38783763852391706,.45973089191479993,.6674367764243019,.7099388948934511
.38829617992888754,.45883367203497116,.667062351413001,.7093627162803928
.38950175088988037,.4564767721135959,.6660756105139096,.7078303789673281
.39037706418603424,.45476738758339663,.66535707040231,.7067018066100574
.39064741577877515,.4542397427447942,.6651347814008992,.7063504891673811
.39119956033009906,.4531625967447476,.6646802699881101,.7056289411646905
.3915522046495825,.4524749788326404,.6643896125077109,.7051652490139485
.3916386629103277,.45230643472600107,.6643183076626767,.705051224455354
.39214226631992366,.45132501152329313,.6639026258780968,.7043843786800825
.39216588101784766,.45127900440302443,.6638831195312325,.7043529970652109
.39488276829757174,.44599390657385657,.6616302759105083,.7006747019884969
.3961380882168217,.4435574638525089,.6605835881205857,.6989291864689453
.39659003014958105,.4426811624539818,.6602058644063904,.698293552582304
.3974084570888192,.4410954443973941,.6595206357235689,.6971326861992224
.39742703794389067,.441059461485426,.6595050608704514,.6971061839096298
.4031580655392091,.42999997868281276,.6546630258487273,.6886146391896251
.40458566373102545,.4272575434994981,.653445037235869,.686399075380174
.4064719334248519,.42364192453289096,.6518284814268474,.683408872338853
.4111684612385651,.4146800782504827,.6477676874349174,.6756470933237698
.4112232111653489,.41457595483978854,.6477200472610475,.6755539055414327
.4142562392155449,.4088206968998159,.645070035505007,.6702924943343365
.4150350733349786,.4073470007977401,.6443861149300084,.6689098131620023
.41508768668088525,.407247508955428,.644339862697828,.668815937861375
.4157855501475409,.4059285976732723,.6437257663642597,.667565136127874
.4161690972005365,.4052043167708871,.643387777414338,.6668732172257343
.41671933082231916,.404166010417468,.6429023059143077,.6658750342497619
.41687257616986884,.4038769882628719,.642766972559275,.6655958614531482
.4217614739926745,.3946928542984105,.6384209557231365,.6564195589177579
.42184428641722627,.3945379031138049,.6383468621588503,.6562595736848585
.4221998245021872,.39387288992747205,.6380285761685738,.6555709732533735
.42326653691522687,.39187999253514433,.6370718728905242,.6534880360418202
.42605030984064185,.3866958226720576,.6345627714157268,.6479317778078568
.42675004325790855,.3853965590043727,.6339292562239162,.6465075777010916
.428616860664671,.38193791768166746,.6322335521084672,.6426533808879394
.4286938465324146,.3817955275494769,.6321634494506737,.6424927271153507
.4290637002244282,.38111172827378476,.6318264724717901,.6417190241241748
.4302928062823297,.37884251376614664,.6307043464646257,.6391252715325298
.4307676093263768,.377967243331369,.6302699325960299,.6381139954096973
.4350286782657309,.3701458399248343,.6263479557687819,.6288047254388948
.4360557080341543,.36826986283208113,.6253963648576932,.6264977159480003
.43642118596870927,.36760315283104295,.6250571429889857,.6256707919075145
.4367615902471085,.36698259682891715,.6247409151314076,.6248977844488481
.4382737346388781,.3642308189006505,.6233329222444686,.6214310635666446
.4407067392201358,.35982009270843807,.6210563760717613,.6157402654292783
.4410837262719993,.35913853926549605,.6207024046797975,.6148459985455639
.4428267097591172,.3559940207810766,.6190615527669756,.6106677160052232
.4431462437484932,.3554187356905025,.6187599787070397,.6098939304894586
.44341251821120853,.3549396207591333,.6185084899424086,.6092472712617298
.44608946212078804,.35013729092789847,.615971064698384,.6026527971994441
.44731997234586096,.3479386563641485,.6147991172516771,.5995644652269604
.44746376787514897,.3476820943868077,.6146619363581731,.5992012211399294
.4504657311106057,.3423436577342232,.6117871250779578,.5915057691652842
.4524823824051625,.33877660265215265,.609844167755665,.5862159833840922
.4543238528599547,.3355330682029408,.6080617597533808,.5813014614631253
.4580027379347573,.3290927835119266,.6044773440026963,.5712430709574787
.4606835601983963,.3244335229081592,.6018456123083598,.5637127359628185
.46135316305832386,.3232742625612149,.6011856722548885,.5618055615225809
.4678292113999596,.3121571208414124,.5947494722582258,.5428233398305055
.4734250519039249,.30269212811638996,.5891098119015814,.5256499526338085
.47383553587594673,.30200307754752553,.5886932575005286,.5243626023191552
.47405387259322995,.3016368665606778,.58847153287671,.5236763412272295
.47646812067627153,.29760124778676367,.5860124607685928,.5160181939735269
.4785361484818025,.2941645469414042,.5838952993402367,.5093574817218415
.47854380077150904,.29415186498083973,.5838874468426274,.5093326643146345
.4801951360970762,.2914211808931005,.5821897339383729,.5039479682142527
.4813273041501247,.28955597279108247,.581022118515929,.5002228503637745
.4850959883806152,.2833884088406643,.5771140442601086,.4876312811658776
.48596321554387156,.28197820589515266,.5762100843093425,.48469282072776537
.48600395626134896,.28191204086961213,.5761675751035189,.4845544063244992
.4877051489132733,.2791559423706221,.5743891037056557,.4787452519798927
.4887868151528727,.27741039364413084,.5732548145572286,.47502203366111584
.49046877763110697,.27470675754197726,.5714856402673812,.4691876202056178
.4907360528752718,.27427832902574867,.5712039029724343,.46825552164553164
.4909608032712802,.2739183205212862,.570966863412935,.46747067936763176
.4921469471213227,.27202220238124714,.5697139236140885,.4633128885918435
.4922225800045803,.27190151969360155,.5696339210286536,.46304688309669617
.4923427866960932,.27170976789769696,.5695067421059472,.4626238907392522
.4937591682855469,.2694554306911075,.5680056864012712,.4576198145134871
.49683321477410747,.2645949362960319,.5647318770923964,.4466351649568703
.49887068678029056,.2613978877786246,.562549938518756,.4392641484532304
.49925552359085246,.2607962345862156,.5621367350813563,.43786407146594375
.4999312043843247,.25974157606447534,.5614104192496677,.4353999572551794
.5032091298074746,.2546559943328623,.5578718360997068,.4233417827574645
.5066882397232442,.24931470364527486,.5540888384243761,.41036444560022256
.5074680817224659,.24812548303408766,.5532370326483422,.4074317208805156
.5080885072956829,.24718147425151338,.5525583478706804,.40509252360252496
.5094818202118516,.2450683088915525,.5510309499011681,.39982046247497377
.5145939551777092,.2373964645643627,.5453883258256385,.38026911387649753
.521063432089151,.22787314311247323,.5381607128731893,.35512581378784125
.5281081328148818,.21774207124680287,.5301801848039918,.32737302546663244
.5295661010433277,.21567678567942833,.5285141780057642,.32159609441051673
.5309878804823831,.2136732101969582,.5268847809216675,.315955201447788
.5330636213675246,.21076664749837226,.5244975167495977,.30771004600627955
.5357230906135237,.2070750511682706,.5214243315642408,.2971369016584707
.535964031998913,.2067424006566992,.5211450990124962,.2961788253791343
.5390218334430081,.20254675926251475,.5175896575159606,.28402338730784715
.5390506997926456,.2025073818879047,.5175559901159719,.28390869939056207
.5469359725135574,.1919130702947149,.5082869494721134,.25269736565619005
.5495844954647369,.18842745879122025,.5051413254955972,.2422997661127515
.5521841844469682,.18504190497906747,.5020378963575962,.2321569132227207
.5570545216066416,.17879504244087013,.49618169283466484,.213368922880108
.5585636561826017,.17688477280116519,.4943559229012133,.2076149940530424
.5607652930795466,.17411952907462416,.491682891179215,.1992875804448938
.5769503098796092,.1545807432847409,.47168775928330875,.14134881765702978
.5782272285655128,.15309851996795862,.470084411935603,.13708944131865375
.5792586962260649,.15190754996677538,.468786504008064,.13368906566958627
.5806765070809794,.15027973846125744,.46699843323300194,.12907591460744927
.5823435443365232,.14837947546651428,.4648900937300318,.12374552653007509
.5851310264566001,.14523506055819996,.46135031878335486,.11507108358941354
.5851358307121124,.1452296768223962,.46134420240337604,.11505640117169746
.5857627213723418,.1445282253544326,.46054563843920177,.11314869280138296
.5866252253835229,.14356655462642892,.45944545059173003,.1105507564807513
.5867390334314342,.1434399570055658,.4593001512728117,.11021030402792076
.5870029404190382,.14314665767709314,.4589631043967621,.10942296389457673
.5916749964281469,.13801556258735245,.45296950850171497,.09599741711430632
.591785296576645,.13789582676433443,.45282739775761277,.09569267754651745
.5917898187134316,.137890919158197,.4528215708337473,.09568019617201284
.594407931336076,.13506786353661113,.4494400915916325,.08862255374645023
.5948087070787278,.1346389256724301,.4489210595913738,.0875725569384842
.5951336551364816,.13429176920134986,.44849995645483604,.08672728990711454
.5973825458287068,.1319045211678911,.44557889350183855,.08102959024346745
.5995442225164858,.1296351014236008,.4427600676341605,.07581217364309412
.6007098452658777,.1284216406603986,.44123560317714483,.07310849178872192
.6023352951397867,.126741469142341,.4391044966108207,.06947090019656166
.6023443774783923,.12673212024439193,.43909257167592947,.06945101715380297
.6024235696096982,.12665062234044325,.43898858584159267,.06927786050479035
.6026470250472784,.12642083923424727,.4386950919850299,.06879130863070948
.6051288679722053,.12388642629901524,.4354275787669991,.06359380680865168
.6063828878888917,.12261818800044226,.43377115027337,.06111540856345066
.607767326764616,.12122766324206312,.43193822068731164,.058498266360826445
.6115963952152295,.11743418834534478,.42684559587452414,.05193668038438948
.6121774231158976,.11686527847777374,.42606986601296265,.051030975184484406
.6128015370893132,.11625614953971088,.42523574069219794,.050085304679037934
.6175703076499692,.11166903846296,.41883251093454815,.04382202814079528
.6240902047540677,.10558883409693673,.40999271081786215,.038201946927198804
.6247257129667905,.10500794576210187,.4091258091558689,.037847821787886815
.6252613038211083,.10452000401457219,.40839447895618897,.03757715637262926
.6254419051573725,.10435580316691433,.40814772444354214,.03749165621676953
.6315396760384644,.09891006949727928,.39977202903215253,.036370826888699526
.6316649243369508,.09880020880838239,.39959908925541665,.03638488789990735
.6331151724552693,.0975339577394595,.3975939754811072,.036660402968169414
.6333005693721003,.09737285488584502,.397337294336223,.036710704523886584
.6369844140395731,.09420792543089843,.3922205176548072,.0384364951718994
.6370460654850123,.09415554335692543,.39213461770519126,.038477353533576064
.6377335053344253,.09357276217793076,.39117620019649096,.038960178793773004
.643467692435072,.08880425434536032,.3831390341288083,.04499097684405173
.6444776147861266,.08798147443501261,.3817156143279472,.04643556541940885
.6482489279902819,.0849538670422918,.37637930631888394,.05288716686354222
.6495583004903371,.0839191885433369,.3745188727972973,.05552672781756929
.6505561489807039,.08313636004079193,.3730984040100147,.057679905241722285
.6552867364476371,.07949166300826335,.36633287249087415,.0695999591034
.6561946716843716,.07880464729692496,.36502844291490966,.07221933396551927
.656758763915005,.07837982933221424,.3642170503337346,.07390173736354733
.6567625548730704,.07837697958925245,.3642115949102735,.0739131872598513
.6590486956304209,.07667112479996564,.360915632456432,.08117027116319608
.6604854780742868,.07561196060454721,.35883800598990623,.08609579617381113
.6644148640911534,.07276592973701576,.3531315814469621,.10104214082050378
.6661008434903803,.07156738154802542,.3506721622004568,.10813363130450426
.6664035081040651,.07135364921091207,.35022995354305686,.10945066369935708
.6674115675721017,.07064491844538018,.34875559594432104,.11393466996939594
.6710626649249143,.0681180751507157,.3433959048167996,.13145019196955587
.6726383946374257,.06704685961487206,.3410732447027911,.1396387822537859
.6742748554736582,.06594660542055915,.3386549763512603,.14855304109323964
.6755459697281097,.06510056223415372,.33677231505570593,.15576931331865396
.6772088841696118,.06400501031434706,.33430370235709295,.16560072012783245
.6782324935497153,.06333696949422815,.3327809587331243,.1718752416280891
.6791375501166186,.06275030247026393,.3314325548249224,.17756590499734415
.6796932571864223,.062391944070471536,.33060369101003617,.181126875784404
.6820539506989975,.060885291737425185,.3270746279127179,.19682745272634428
.6833552280122996,.06006559526854417,.32512379406461966,.20588332292255362
.6865779204511939,.05806840612364964,.3202755467305066,.2295608363636692
.6869535225594228,.057838663866802933,.3197089219609136,.2324377745817543
.6872163272066725,.05767829014173916,.3193122665163576,.23446544480292975
.6930563807482335,.05419343131965164,.31045648987325647,.2826984864839206
.6955452030907603,.05275380010103934,.30665846158637566,.305137332487897
.6984097000800873,.05113008669282172,.30226937746038907,.33239197169149115
.700683558508927,.04986625730747577,.29877175620828245,.35513326615475904
.7010027816922844,.049690596054734804,.2982797721239463,.35840514129720713
.7010223481332112,.04967984318218118,.29824960881094387,.3586063254239056
.7012900317418578,.04953289917798477,.2978368629615473,.36136608551504423
.7022830111147342,.048990462025131076,.2963043213094829,.3717244285358605
.7023652367444155,.04894573167321647,.29617731374060385,.3725907354875808
.7037101442687139,.048218161042705834,.2940977157614546,.3869471020665136
.7060119109502103,.04699058772942637,.29052882630634025,.41234016611505453
.7065357353075257,.04671431718113789,.2897149220398807,.4182651579789489
.7114616683451525,.044171894323757635,.28203004193334646,.47666989166343665
.7124304074695769,.04368361990613487,.2805121105226117,.48873363498019806
.7184173404352399,.04075014657647604,.27108285918334474,.5675811338593579
.7204053458181048,.03980770098459859,.26793344111737005,.5954178558881242
.7204823068254473,.0397715299447926,.2678113346238308,.5965122549797925
.7243606198702557,.03797876331658943,.26164022562997646,.6532923700036068
.7260435600701614,.03721897677307882,.2589515167144346,.6789320098463616
.726791714494504,.03688470856752259,.2577541388776101,.6905259249773614
.7293744051813356,.03574720070195617,.25361072685938324,.7314794040204813
.7296937173462936,.035608322689224495,.2530973807684529,.736643246293534
.7297194003771443,.03559716914100914,.25305608086715214,.7370595500645791
.7310547500219153,.035020682026439154,.25090665076411445,.7589025735887809
.7324063367097491,.03444399937954598,.24872687804480598,.7814075612958238
.7324374293628377,.034430813378285144,.2486766835382731,.7819299801251685
.7338975783216328,.03381563312582922,.24631696589194352,.8067019968744695
.7343528816586498,.03362542510968687,.24558014899128888,.8145220828994404
.7359077008792836,.03298164659551817,.24306036630694028,.8415705699980034
.7370731906812742,.03250488952641053,.24116786888663144,.8621952429465907
.7372021288703203,.03245245075765689,.24095830847517508,.8644953590883624
.7418088096520579,.030618400225157404,.23344590032895296,.9490853619599573
.7429821297557091,.030163420595950653,.23152463643417287,.9713815864402005
.7471948662418846,.028569828858216843,.22460016801560667,1.0539525814262944
.7490101963040052,.027902175903802458,.2216036366101546,1.0907479749531799
.7510750357536662,.027156509652142242,.21818596377039423,1.133488909444445
.7518228434719247,.02689003836657931,.216945773864209,1.1492009607039915
.7562327907613635,.025356844630158384,.20960581827353986,1.244368491877685
.7576450163651653,.02487951746174868,.20724577283112178,1.2757489554962582
.7585339220621421,.024582426574843667,.20575790568711116,1.2957248928653424
.7614102359615147,.02363870086161484,.2009309318279895,1.3615432339188391
.7619660661266583,.023459406543954377,.19999593863925758,1.374469270389941
.7647333001159768,.022581427755956104,.19533036645647583,1.4398134127997668
.7658134523311069,.02224528506605556,.19350440970058802,1.4657649995771678
.7670291829025335,.021871316311739632,.1914460295504261,1.4952709980968528
.7677511128052978,.02165141986645785,.19022209374290222,1.512940539039704
.7691434878402963,.021231856695540098,.18785809748933668,1.5473296448673075
.7707737927801301,.020748154489621185,.1850844316697322,1.588110918466878
.7730959703818197,.020073101360260723,.18112303885151826,1.647149840277816
.7742880760918238,.019732847754747856,.17908457786615428,1.6778872113829024
.7749789482235077,.01953759371818138,.17790170262584926,1.6958327854000323
.7805947874227848,.01800235197552377,.16824552825208605,1.8452329836033918
.782302699226525,.01755347266489682,.1652943637835942,1.8918867888074828
.7823514888780707,.017540771175733605,.1652099590416013,1.8932276924835065
.7855768717705827,.016715921176869968,.15961790307416535,1.9828588997463363
.7899461083027486,.0156443359249374,.15200423514401196,2.1072861276424106
.7920009012947911,.015158211247324105,.1484083390066383,2.1669497169084195
.7932755961265792,.014862275365276968,.14617270153021267,2.2043170380241506
.7949712983651323,.014475205376463253,.1431928408928086,2.2544356908931675
.795264964971133,.014408932118844465,.14267610328479796,2.263161987193257
.7973519770110098,.01394435298588757,.13899802828949648,2.325563842746618
.800952068441086,.01316898933782642,.13262963954577478,2.4347351355205618
.8028613260295545,.012770920681143563,.1292400697638033,2.493373800483564
.8029721902656628,.0127480820238429,.12904298929098157,2.4967938062214436
.8045586016919122,.012424559810408053,.12621974784569212,2.545907468564458
.8046648745183627,.012403105893969858,.12603041207956467,2.5492090627550255
.8088251910310384,.011584503946288283,.11859782644768135,2.679525858945297
.8104482478681265,.011276224945353831,.11568729158616953,2.730893439140896
.8124701697166123,.010900715450439833,.11205295775704238,2.79525794572481
.8125114913003046,.010893138975952253,.11197858489467949,2.7965774363274143
.812791067296051,.01084197984243754,.111475284692782,2.805509064972096
.8132358532481392,.010760955593583319,.11067419588115601,2.819733348611834
.8145722258801049,.010520208085860279,.10826454339193214,2.862575301540346
.8153908189347521,.01037472028428238,.1067864709182218,2.8888920205050823
.8170088829325639,.010091528677445708,.10386028618880006,2.9410639334827913
.8182059097320786,.009885738737186525,.10169162189348802,2.9797809409050444
.8194547099014231,.00967437651374479,.09942562118174714,3.0202713847198517
.8205872637980831,.009485600123995474,.09736743005046833,3.057071535369836
.8241347979739946,.008911923113826626,.09090126074690807,3.1727371395066726
.8251088511233817,.008759013026439548,.08912073057936143,3.2045769675742193
.8254727267222679,.0087023928488714,.08845501659877397,3.21647799075577
.8259371933773461,.008630515285198674,.08760482461666619,3.23167354687898
.830223399501447,.007987813970197917,.07973546802793241,3.372035916964876
.8334670685351218,.007525592078864103,.07375188781719988,3.4782083172807745
.8336063588753264,.00750619901022404,.07349439376610967,3.482762585324217
.8341612160239942,.007429315794968143,.07246823100245803,3.500898453280037
.8394583475747983,.006724442337759353,.06263571218758268,3.673340164729531
.8457079341942848,.005958189913249258,.05095165716252037,3.874034598510889
.8457410542005301,.005954310969860212,.05088949586900349,3.8750869633028557
.848703373977826,.005614902545709317,.045319386185523,3.9686145585130035
.8493400325082365,.005543879794832571,.04411961005045684,3.988548350641615
.849541694868023,.005521523376970391,.04373938367293928,3.994849086055652
.8517306697055766,.005283147393528603,.039606096557492254,4.062804069078759
.8536346913245085,.005082109917692075,.03600183902212761,4.121207543494727
.8556415562085191,.004876439684132229,.03219381039886959,4.181975740962493
.8642797097702604,.004061112817889998,.015696385265454693,4.432249718081827
.8644390733496816,.004047098470294486,.015390403475857406,4.436666672379246
.8661366736115608,.003900038760705015,.012127319682845084,4.483202722659158
.867589892950247,.0037773451243899824,.009328674566351669,4.522260552041395
.8696362345869431,.003609480603079574,.005379484526197853,4.575963394901294
.8719528237288117,.003426226089540792,.0008970417231406458,4.634802617405896
.8732529733229497,.0033264660703167756,-.0016241066309952146,4.666856428557189
.8749904921242673,.0031965452723322785,-.004999481126272132,4.70854149685276
.875205291784608,.0031807506299045695,-.005417245438642082,4.713600121739077
.8753680506230614,.00316882142637939,-.005733866631100204,4.717418985435174
.8754162524353153,.0031652949413710036,-.005827647298303873,4.7185476040029
.8767695441143364,.0030674747294979375,-.008462786766355479,4.7497876155726
.8816458969834353,.002733569333984503,-.01799324635043764,4.854737380142829
.8818795868141311,.002718279565054816,-.018451358603523316,4.859448115157299
.8834057838834666,.002619984221686714,-.021446339900934586,4.889450393137139
.8854873741510543,.002490214464453152,-.025539914130555896,4.928160954910126
.8873397756474748,.002378810763253581,-.029191216248859897,4.960357243194807
.8905485281042786,.002194663250573539,-.03553485856866112,5.010784762885848
.8909303967357687,.002173476843294608,-.03629139388334568,5.016313502563335
.890982522502209,.0021705967009331526,-.03639468854259398,5.017060147783013
.8916889337214016,.002131843985221701,-.03779516408912742,5.026986521690432
.895174678176786,.0019480981443362167,-.04472265532117281,5.070538871492474
.8973679258772607,.0018386862254808518,-.049095895441389814,5.093069468562788
.8978437438456854,.0018155653581415393,-.05004612683357679,5.097435873045129
.9021784306399572,.0016147378119976805,-.05872685988892512,5.128172477811148
.9022486591905834,.0016116263985473034,-.05886785938038985,5.128531265574381
.9055060876579986,.001472125177032523,-.06542043064685898,5.14000966734055
.9058377616641542,.0014584411803069625,-.06608899772661259,5.140595962166842
.9067180092364195,.0014225810487903078,-.06786457979842775,5.141612888385183
.9071104516783923,.0014068056256017166,-.06865676948335298,5.141810957325717
.9081237830420907,.00136667036326324,-.07070394419039538,5.141582243545386
.9093270959559361,.0013201177872572143,-.07313801742601334,5.139898875774776
.9104344228603682,.0012783242319454743,-.07538089311518781,5.136963517034545
.9106530811406115,.0012701885316508475,-.07582411837000191,5.136224005295148
.9157717500632307,.0010904299754701395,-.08623142274820772,5.103160068945243
.9161042347238137,.0010794437125564904,-.08690953179442895,5.099926383063718
.9197723652306777,.0009635763473519116,-.09440775571235926,5.054907850336193
.9200373946517242,.0009555758046161034,-.09495072419432637,5.050972697659304
.9212932306684467,.0009183274767424797,-.0975257807486104,5.031032922340756
.9213900063868725,.0009155020881197467,-.09772436828032616,5.029406794710482
.9229094201759036,.0008719740894954276,-.10084510898704024,5.002164846020591
.9273391380279725,.000753718119918198,-.10997388231771277,4.9036599483061565
.9274049807755813,.0007520544194686615,-.11010991409631343,4.901973238480451
.9275445631755304,.0007485363645834925,-.11039832595351529,4.898375340091789
.9286299225789452,.0007215898093922584,-.11264248775381491,4.8693622556069585
.9307339685308658,.0006713790896474144,-.11700072766283365,4.807777916715779
.9316394198929492,.0006505761427613015,-.11887940137435227,4.77905275641119
.9352007749930589,.0005732803685850152,-.12628709851629472,4.65256937394598
.9361838532004421,.0005531760081899255,-.12833709802065718,4.613738891590344
.9450311045064355,.0003944325272018174,-.14688689680349665,4.181835029139322
.9491156712827451,.0003335261993886585,-.15551208765279867,3.928234564847628
.9498753431459175,.0003229888660468863,-.15712051452892817,3.8769971178884646
.9525989576809533,.00028714877488282754,-.16289811889166095,3.6823613824300594
.9528566601678097,.00028391080925082966,-.16344567324159465,3.663041659815633
.9574588096259158,.00023032083860873237,-.17325001632148984,3.290624989015413
.9576907769244929,.00022782464707986398,-.1737454945882223,3.270442515485769
.9616691535542121,.0001878896375176534,-.18226264392444824,2.9022280053343934
.9626798622047836,.00017857779711329114,-.18443227134490658,2.8018558458137193
.9655898554472095,.00015354625429372194,-.1906921950146525,2.4967834654350725
.9671613513567152,.0001410814902975754,-.19408092610434247,2.3218243163248644
.9678525090614007,.00013582402404944952,-.1955731313552327,2.2425489126096636
.9679003837573208,.00013546484397446328,-.19567653351548697,2.2370044564950717
.9682222560386646,.00013306664387807698,-.19637186721245659,2.1995477513642356
.9713860490044308,.00011099385268862084,-.20321931508261704,1.8143882334368016
.9718721679034694,.00010783605694886263,-.2042734853387581,1.7524211776981815
.9722794262823149,.00010523688260229291,-.2051570645453915,1.6999236838778415
.9758529283267792,8417639166105216e-20,-.21292653778580029,1.2159813249502633
.9772996316964329,7650147264073228e-20,-.21608035922991053,1.007845661635713
.9824497997805339,5282148453629538e-20,-.22734711084422465,.20687730288662465
.9859587998031298,3965693731557059e-20,-.23505876324378383,-.395177921095609
.9882666458704732,3217876167251055e-20,-.24014621663591806,-.8173425552549816
.9959726662159993,13121448244205044e-21,-.2572228828677461,-2.387315604993205
.997090553257632,11026285754104053e-21,-.25971156523700023,-2.6366284749146303
.998302511431252,8925262989201448e-21,-.26241294323681796,-2.913377259119443
.9984315582789927,8711692252274335e-21,-.26270078094878857,-2.9432449446141504
